{
  "train": {
    "r2": 0.8189779142552585,
    "mse": 0.20000753741428717,
    "mae": 0.33139853203460434
  },
  "test": {
    "r2": 0.2028407110433289,
    "mse": 0.8442371875441859,
    "mae": 0.6791766063251663
  }
}